"id","tags"
"0","CHILDREN'S-LITERATURE FICTION SPECULATIVE-FICTION"
"1","FICTION NOVEL"
"2","FICTION NOVEL"
"3","FICTION HISTORICAL-NOVEL"
"4","FICTION NOVEL"
"5","FICTION MYSTERY NOVEL"
"6","FICTION NOVEL"
"7","FANTASY SCIENCE-FICTION SPECULATIVE-FICTION"
"8","FICTION SCIENCE-FICTION SPECULATIVE-FICTION"
"9","SPECULATIVE-FICTION"
"10","FICTION SCIENCE-FICTION SPECULATIVE-FICTION"
"11","FICTION NOVEL"
"12","FICTION NOVEL"
"13","SCIENCE-FICTION SPECULATIVE-FICTION"
"14","FICTION NOVEL"
"15","FICTION NOVEL"
"16","FICTION NOVEL"
"17","FICTION SCIENCE-FICTION SPECULATIVE-FICTION"
"18","SCIENCE-FICTION SPECULATIVE-FICTION"
"19","CHILDREN'S-LITERATURE FANTASY FICTION SPECULATIVE-FICTION"
"20","CHILDREN'S-LITERATURE FICTION SCIENCE-FICTION SPECULATIVE-FICTION"
"21","SCIENCE-FICTION SPECULATIVE-FICTION"
"22","FICTION NOVEL"
"23","FICTION NOVEL SPECULATIVE-FICTION"
"24","FICTION NOVEL"
"25","CHILDREN'S-LITERATURE FICTION"
"26","FANTASY FICTION ROMANCE-NOVEL SPECULATIVE-FICTION"
"27","FICTION NOVEL"
"28","FICTION NOVEL"
"29","FICTION"
"30","FICTION SCIENCE-FICTION SPECULATIVE-FICTION"
"31","CHILDREN'S-LITERATURE FANTASY FICTION SPECULATIVE-FICTION"
"32","FICTION"
"33","CHILDREN'S-LITERATURE FICTION SPECULATIVE-FICTION"
"34","CRIME-FICTION FICTION MYSTERY THRILLER"
"35","FICTION NOVEL"
"36","FANTASY FICTION HISTORICAL-NOVEL SPECULATIVE-FICTION"
"37","SCIENCE-FICTION SPECULATIVE-FICTION"
"38","FICTION"
"39","FICTION SCIENCE-FICTION SPECULATIVE-FICTION"
"40","FICTION NOVEL"
"41","CHILDREN'S-LITERATURE FICTION NOVEL"
"42","FICTION NOVEL"
"43","FICTION NOVEL"
"44","CRIME-FICTION FICTION MYSTERY NOVEL SUSPENSE"
"45","CRIME-FICTION FICTION HISTORY MYSTERY NOVEL SUSPENSE"
"46","CHILDREN'S-LITERATURE FICTION"
"47","FICTION NOVEL"
"48","SCIENCE-FICTION SPECULATIVE-FICTION"
"49","CHILDREN'S-LITERATURE FICTION"
"50","FICTION NOVEL"
"51","FICTION THRILLER"
"52","FICTION"
"53","FANTASY SPECULATIVE-FICTION"
"54","FICTION MYSTERY NOVEL SPECULATIVE-FICTION SUSPENSE"
"55","FICTION SCIENCE-FICTION SPECULATIVE-FICTION"
"56","CHILDREN'S-LITERATURE FANTASY FICTION SPECULATIVE-FICTION"
"57","CHILDREN'S-LITERATURE FICTION"
"58","FICTION NOVEL"
"59","FICTION NOVEL"
"60","FICTION HISTORICAL-FICTION HISTORICAL-NOVEL NOVEL ROMANCE-NOVEL"
"61","CRIME-FICTION DETECTIVE-FICTION FICTION MYSTERY SUSPENSE"
"62","FICTION NOVEL"
"63","CHILDREN'S-LITERATURE FICTION NOVEL"
"64","FICTION NOVEL SPECULATIVE-FICTION THRILLER"
"65","CHILDREN'S-LITERATURE FANTASY FICTION SPECULATIVE-FICTION"
"66","CHILDREN'S-LITERATURE FANTASY FICTION SPECULATIVE-FICTION"
"67","FICTION NOVEL"
"68","FICTION SCIENCE-FICTION SPECULATIVE-FICTION"
"69","FICTION NOVEL"
"70","CHILDREN'S-LITERATURE FICTION"
"71","FICTION NOVEL SCIENCE-FICTION SPECULATIVE-FICTION"
"72","FICTION NOVEL"
"73","CHILDREN'S-LITERATURE FICTION SPECULATIVE-FICTION"
"74","FICTION NOVEL"
"75","FICTION NOVEL"
"76","FICTION SCIENCE-FICTION SPECULATIVE-FICTION"
"77","CHILDREN'S-LITERATURE FANTASY FICTION HORROR SCIENCE-FICTION SPECULATIVE-FICTION"
"78","SCIENCE-FICTION SPECULATIVE-FICTION"
"79","NOVEL SCIENCE-FICTION SPECULATIVE-FICTION"
"80","FICTION NOVEL"
"81","SCIENCE-FICTION SPECULATIVE-FICTION"
"82","NOVEL SCIENCE-FICTION SPECULATIVE-FICTION"
"83","FICTION NOVEL"
"84","FANTASY SPECULATIVE-FICTION"
"85","CHILDREN'S-LITERATURE FICTION MYSTERY ROMANCE-NOVEL"
"86","FICTION NOVEL"
"87","CHILDREN'S-LITERATURE FICTION"
"88","DETECTIVE-FICTION FICTION MYSTERY NOVEL SUSPENSE"
"89","FICTION HISTORICAL-FICTION HISTORICAL-NOVEL NOVEL"
"90","FICTION HISTORICAL-FICTION MEMOIR"
"91","FICTION SCIENCE-FICTION SPECULATIVE-FICTION"
"92","CRIME-FICTION DETECTIVE-FICTION FICTION MYSTERY SUSPENSE"
"93","FICTION NOVEL"
"94","CHILDREN'S-LITERATURE FICTION"
"95","FICTION NOVEL"
"96","FICTION NOVEL"
"97","FICTION NOVEL"
"98","FICTION NOVEL SPECULATIVE-FICTION"
"99","FICTION SCIENCE-FICTION SPECULATIVE-FICTION"
"100","FICTION NOVEL"
"101","FICTION NOVEL SPECULATIVE-FICTION"
"102","DYSTOPIA FICTION HISTORICAL-FICTION NOVEL SCIENCE-FICTION SPECULATIVE-FICTION"
"103","CHILDREN'S-LITERATURE FANTASY SPECULATIVE-FICTION"
"104","NOVEL"
"105","NOVEL SCIENCE-FICTION SPECULATIVE-FICTION"
"106","THRILLER"
"107","SPY-FICTION"
"108","FICTION SPY-FICTION THRILLER"
"109","FICTION NOVEL SCIENCE-FICTION SPECULATIVE-FICTION"
"110","FICTION NOVEL SPECULATIVE-FICTION"
"111","FICTION NOVEL SPECULATIVE-FICTION THRILLER"
"112","FICTION NOVEL"
"113","CHILDREN'S-LITERATURE FICTION YOUNG-ADULT-LITERATURE"
"114","FICTION NOVEL"
"115","SCIENCE-FICTION SPECULATIVE-FICTION"
"116","FICTION NOVEL"
"117","NOVEL"
"118","FICTION NOVEL"
"119","NOVEL SCIENCE-FICTION SPECULATIVE-FICTION"
"120","FICTION NOVEL"
"121","CHILDREN'S-LITERATURE FICTION SPECULATIVE-FICTION"
"122","CRIME-FICTION FICTION MYSTERY NOVEL SUSPENSE THRILLER"
"123","NOVEL SPECULATIVE-FICTION"
"124","SCIENCE-FICTION SPECULATIVE-FICTION"
"125","SCIENCE-FICTION SPECULATIVE-FICTION"
"126","FICTION SPY-FICTION THRILLER"
"127","FICTION NOVEL"
"128","FICTION NOVEL"
"129","FICTION NOVEL SPECULATIVE-FICTION"
"130","FICTION NOVEL SCIENCE-FICTION SPECULATIVE-FICTION"
"131","FICTION THRILLER"
"132","CHILDREN'S-LITERATURE FICTION"
"133","FICTION"
"134","FICTION NOVEL"
"135","FICTION SCIENCE-FICTION SPECULATIVE-FICTION"
"136","CHILDREN'S-LITERATURE FICTION NOVEL"
"137","CHILDREN'S-LITERATURE FICTION"
"138","FICTION MYSTERY NOVEL"
"139","FICTION NOVEL"
"140","CRIME-FICTION FICTION MYSTERY SUSPENSE"
"141","FICTION NOVEL THRILLER"
"142","FICTION NOVEL"
"143","CHILDREN'S-LITERATURE FANTASY"
"144","FICTION NOVEL"
"145","FICTION NOVEL"
"146","DETECTIVE-FICTION FICTION MYSTERY NOVEL"
"147","CHILDREN'S-LITERATURE FANTASY FICTION"
"148","CHILDREN'S-LITERATURE FANTASY FICTION SPECULATIVE-FICTION"
"149","FANTASY FICTION SPECULATIVE-FICTION"
"150","FICTION NOVEL"
"151","NOVEL SPECULATIVE-FICTION"
"152","CHILDREN'S-LITERATURE FANTASY FICTION SPECULATIVE-FICTION"
"153","FICTION NOVEL"
"154","FANTASY SPECULATIVE-FICTION"
"155","CRIME-FICTION FICTION MYSTERY SPECULATIVE-FICTION SUSPENSE"
"156","FANTASY FICTION SPECULATIVE-FICTION"
"157","FICTION NOVEL"
"158","FICTION NOVEL"
"159","SCIENCE-FICTION SPECULATIVE-FICTION"
"160","CRIME-FICTION FICTION MYSTERY NOVEL SUSPENSE"
"161","SCIENCE-FICTION SPECULATIVE-FICTION THRILLER"
"162","FICTION SPECULATIVE-FICTION"
"163","DETECTIVE-FICTION FICTION MYSTERY"
"164","DETECTIVE-FICTION FICTION MYSTERY"
"165","CHILDREN'S-LITERATURE DETECTIVE-FICTION FICTION MYSTERY"
"166","DETECTIVE-FICTION FICTION MYSTERY"
"167","CHILDREN'S-LITERATURE FICTION"
"168","NOVEL SPECULATIVE-FICTION"
"169","CRIME-FICTION FICTION MYSTERY SUSPENSE"
"170","FICTION ROMANCE-NOVEL"
"171","FICTION NOVEL SPECULATIVE-FICTION"
"172","FICTION MYSTERY"
"173","FICTION HISTORICAL-FICTION NOVEL SPECULATIVE-FICTION"
"174","FICTION SCIENCE-FICTION SPECULATIVE-FICTION"
"175","CRIME-FICTION FICTION MYSTERY SUSPENSE"
"176","SCIENCE-FICTION SPECULATIVE-FICTION"
"177","FICTION NOVEL"
"178","CHILDREN'S-LITERATURE FANTASY FICTION SPECULATIVE-FICTION"
"179","CRIME-FICTION FICTION MYSTERY NOVEL SPECULATIVE-FICTION"
"180","CHILDREN'S-LITERATURE FANTASY SPECULATIVE-FICTION"
"181","DETECTIVE-FICTION FICTION MYSTERY NOVEL SUSPENSE"
"182","FICTION NOVEL"
"183","SCIENCE-FICTION SPECULATIVE-FICTION"
"184","FANTASY SPECULATIVE-FICTION"
"185","FICTION NOVEL SCIENCE-FICTION SPECULATIVE-FICTION"
"186","FANTASY SPECULATIVE-FICTION"
"187","SCIENCE-FICTION SPECULATIVE-FICTION"
"188","FICTION"
"189","SCIENCE-FICTION SPECULATIVE-FICTION"
"190","FICTION SCIENCE-FICTION SPECULATIVE-FICTION"
"191","CHILDREN'S-LITERATURE YOUNG-ADULT-LITERATURE"
"192","CHILDREN'S-LITERATURE FICTION NOVEL SCIENCE-FICTION SPECULATIVE-FICTION"
"193","FICTION NOVEL"
"194","CHILDREN'S-LITERATURE FANTASY FICTION SPECULATIVE-FICTION"
"195","SCIENCE-FICTION SPECULATIVE-FICTION"
"196","FICTION NOVEL"
"197","FICTION MYSTERY NOVEL"
"198","CHILDREN'S-LITERATURE FANTASY SPECULATIVE-FICTION"
"199","FANTASY SPECULATIVE-FICTION"
"200","FICTION SCIENCE-FICTION SPECULATIVE-FICTION"
"201","CHILDREN'S-LITERATURE FICTION SCIENCE-FICTION SPECULATIVE-FICTION"
"202","CHILDREN'S-LITERATURE FICTION SCIENCE-FICTION SPECULATIVE-FICTION"
"203","CHILDREN'S-LITERATURE FICTION SCIENCE-FICTION SPECULATIVE-FICTION"
"204","CHILDREN'S-LITERATURE FICTION SCIENCE-FICTION SPECULATIVE-FICTION"
"205","FICTION NOVEL"
"206","FICTION NOVEL"
"207","FICTION HISTORICAL-NOVEL"
"208","FICTION NOVEL"
"209","SCIENCE-FICTION SPECULATIVE-FICTION"
"210","CHILDREN'S-LITERATURE FANTASY FICTION SPECULATIVE-FICTION"
"211","CHILDREN'S-LITERATURE FICTION"
"212","FICTION HISTORICAL-NOVEL MYSTERY ROMANCE-NOVEL"
"213","FICTION NOVEL"
"214","FICTION NOVEL ROMANCE-NOVEL"
"215","FICTION NOVEL"
"216","FICTION ROMANCE-NOVEL"
"217","SCIENCE-FICTION SPECULATIVE-FICTION"
"218","CRIME-FICTION FICTION MYSTERY SUSPENSE"
"219","CHILDREN'S-LITERATURE FICTION"
"220","FICTION NOVEL"
"221","FICTION"
"222","FICTION NOVEL"
"223","FICTION NOVEL"
"224","FICTION NOVEL"
"225","FICTION"
"226","SCIENCE-FICTION SPECULATIVE-FICTION"
"227","FICTION SCIENCE-FICTION SPECULATIVE-FICTION"
"228","FANTASY FICTION SPECULATIVE-FICTION"
"229","FICTION NOVEL SCIENCE-FICTION SPECULATIVE-FICTION"
"230","FICTION NOVEL"
"231","CHILDREN'S-LITERATURE FANTASY FICTION SPECULATIVE-FICTION"
"232","CHILDREN'S-LITERATURE FICTION"
"233","FICTION NOVEL THRILLER"
"234","FICTION SCIENCE-FICTION SPECULATIVE-FICTION"
"235","FICTION NOVEL"
"236","CRIME-FICTION FICTION MYSTERY SUSPENSE THRILLER"
"237","FICTION NOVEL SPECULATIVE-FICTION"
"238","FICTION NOVEL"
"239","FICTION NOVEL SCIENCE-FICTION SPECULATIVE-FICTION"
"240","NOVEL"
"241","CHILDREN'S-LITERATURE FICTION YOUNG-ADULT-LITERATURE"
"242","FICTION NOVEL"
"243","NOVEL"
"244","FANTASY FICTION SCIENCE-FICTION SPECULATIVE-FICTION"
"245","FICTION SCIENCE-FICTION SPECULATIVE-FICTION THRILLER"
"246","FICTION SCIENCE-FICTION SPECULATIVE-FICTION"
"247","FICTION HISTORICAL-FICTION NOVEL"
"248","FICTION NOVEL"
"249","FICTION NOVEL SATIRE"
"250","CRIME-FICTION FICTION MYSTERY SCIENCE-FICTION SPECULATIVE-FICTION"
"251","FICTION NOVEL"
"252","FICTION NOVEL"
"253","CRIME-FICTION DETECTIVE-FICTION FICTION MYSTERY NOVEL SUSPENSE"
"254","FICTION SCIENCE-FICTION SPECULATIVE-FICTION"
"255","ALTERNATE-HISTORY AUTOBIOGRAPHY BIOGRAPHY FANTASY FICTION HISTORICAL-FICTION HISTORY NOVEL SCIENCE-FICTION SHORT-STORY SPECULATIVE-FICTION TECHNO-THRILLER UTOPIAN-AND-DYSTOPIAN-FICTION"
"256","CHILDREN'S-LITERATURE DETECTIVE-FICTION FICTION MYSTERY"
"257","CRIME-FICTION DETECTIVE-FICTION FICTION MYSTERY SUSPENSE"
"258","FICTION SCIENCE-FICTION SPECULATIVE-FICTION"
"259","NOVEL"
"260","NON-FICTION"
"261","SCIENCE-FICTION SPECULATIVE-FICTION"
"262","NON-FICTION NOVEL"
"263","CHILDREN'S-LITERATURE FANTASY SPECULATIVE-FICTION"
"264","FICTION SCIENCE-FICTION SPECULATIVE-FICTION"
"265","SCIENCE-FICTION SPECULATIVE-FICTION"
"266","FICTION"
"267","FICTION NOVEL"
"268","FICTION NOVEL"
"269","FICTION NOVEL ROMANCE-NOVEL"
"270","FICTION NOVEL SPECULATIVE-FICTION"
"271","SPECULATIVE-FICTION"
"272","FICTION MYSTERY NOVEL"
"273","FICTION NOVEL"
"274","SPECULATIVE-FICTION"
"275","FICTION NOVEL SCIENCE-FICTION SPECULATIVE-FICTION"
"276","CHILDREN'S-LITERATURE FICTION"
"277","CHILDREN'S-LITERATURE FICTION MYSTERY NOVEL YOUNG-ADULT-LITERATURE"
"278","AUTOBIOGRAPHICAL-NOVEL FICTION NOVEL"
"279","CHILDREN'S-LITERATURE FICTION"
"280","FICTION"
"281","FANTASY SPECULATIVE-FICTION"
"282","SCIENCE-FICTION SPECULATIVE-FICTION"
"283","FICTION HISTORICAL-NOVEL NOVEL ROMANCE-NOVEL"
"284","FICTION NOVEL"
"285","FICTION NOVEL"
"286","FANTASY SPECULATIVE-FICTION"
"287","FICTION NOVEL SPECULATIVE-FICTION"
"288","CHILDREN'S-LITERATURE FANTASY FICTION HORROR SCIENCE-FICTION SPECULATIVE-FICTION"
"289","FICTION HORROR SCIENCE-FICTION SPECULATIVE-FICTION"
"290","FICTION HORROR SCIENCE-FICTION SPECULATIVE-FICTION"
"291","FANTASY FICTION SPECULATIVE-FICTION"
"292","CHILDREN'S-LITERATURE FICTION HORROR SPECULATIVE-FICTION"
"293","FANTASY FICTION HORROR NOVEL SPECULATIVE-FICTION"
"294","FICTION NOVEL"
"295","CHILDREN'S-LITERATURE FICTION NOVEL YOUNG-ADULT-LITERATURE"
"296","NOVEL"
"297","FICTION NOVEL"
"298","FANTASY FICTION SPECULATIVE-FICTION"
"299","FANTASY FICTION HORROR SCIENCE-FICTION SPECULATIVE-FICTION"
"300","NOVEL"
"301","FICTION HISTORICAL-FICTION HISTORICAL-NOVEL"
"302","CHILDREN'S-LITERATURE FICTION"
"303","CHILDREN'S-LITERATURE FANTASY FICTION HORROR NOVEL SPECULATIVE-FICTION"
"304","CRIME-FICTION FICTION MYSTERY SUSPENSE"
"305","SPECULATIVE-FICTION"
"306","CRIME-FICTION FICTION MYSTERY SUSPENSE"
"307","FICTION NOVEL"
"308","CRIME-FICTION FICTION MYSTERY SUSPENSE"
"309","FICTION"
"310","SCIENCE-FICTION SPECULATIVE-FICTION"
"311","HISTORICAL-NOVEL SPECULATIVE-FICTION"
"312","FICTION NOVEL"
"313","CHILDREN'S-LITERATURE FICTION NOVEL"
"314","CHILDREN'S-LITERATURE FICTION SPECULATIVE-FICTION"
"315","FICTION NOVEL"
"316","CHILDREN'S-LITERATURE"
"317","CHILDREN'S-LITERATURE FICTION"
"318","CRIME-FICTION DETECTIVE-FICTION FICTION MYSTERY SUSPENSE"
"319","FICTION HORROR SCIENCE-FICTION SPECULATIVE-FICTION"
"320","CRIME-FICTION FICTION HORROR MYSTERY SPECULATIVE-FICTION SUSPENSE"
"321","FICTION HORROR SPECULATIVE-FICTION"
"322","FANTASY FICTION HORROR SPECULATIVE-FICTION"
"323","DETECTIVE-FICTION FICTION HORROR MYSTERY SPECULATIVE-FICTION"
"324","CRIME-FICTION FICTION MYSTERY SUSPENSE"
"325","FICTION NOVEL"
"326","FICTION HISTORICAL-NOVEL NOVEL"
"327","FICTION SPECULATIVE-FICTION"
"328","FICTION HISTORICAL-NOVEL NOVEL"
"329","CHILDREN'S-LITERATURE FANTASY FICTION SPECULATIVE-FICTION"
"330","FICTION NOVEL SPECULATIVE-FICTION"
"331","CHILDREN'S-LITERATURE FANTASY FICTION SPECULATIVE-FICTION"
"332","CHILDREN'S-LITERATURE FANTASY FICTION SPECULATIVE-FICTION"
"333","CHILDREN'S-LITERATURE FANTASY FICTION SPECULATIVE-FICTION"
"334","FANTASY FICTION SPECULATIVE-FICTION"
"335","CHILDREN'S-LITERATURE COMEDY FANTASY FICTION HISTORICAL-NOVEL SPECULATIVE-FICTION"
"336","FICTION NOVEL"
"337","FICTION NOVEL"
"338","FICTION NOVEL"
"339","NOVEL SPECULATIVE-FICTION"
"340","SCIENCE-FICTION SPECULATIVE-FICTION"
"341","NOVEL SCIENCE-FICTION SPECULATIVE-FICTION"
"342","FICTION NOVEL"
"343","CHILDREN'S-LITERATURE FICTION"
"344","SCIENCE-FICTION SPECULATIVE-FICTION"
"345","FANTASY FICTION SPECULATIVE-FICTION"
"346","CHILDREN'S-LITERATURE FANTASY FICTION SPECULATIVE-FICTION"
"347","FANTASY FICTION SPECULATIVE-FICTION"
"348","FANTASY FICTION SCIENCE-FICTION SPECULATIVE-FICTION"
"349","SCIENCE-FICTION SPECULATIVE-FICTION"
"350","FANTASY SPECULATIVE-FICTION"
"351","CHILDREN'S-LITERATURE FICTION YOUNG-ADULT-LITERATURE"
"352","FICTION SCIENCE-FICTION SPECULATIVE-FICTION"
"353","ALTERNATE-HISTORY"
"354","FICTION MYSTERY"
"355","SCIENCE-FICTION SPECULATIVE-FICTION"
"356","CHILDREN'S-LITERATURE FANTASY FICTION SPECULATIVE-FICTION"
"357","FICTION HISTORICAL-FICTION NOVEL SPECULATIVE-FICTION"
"358","NOVEL SPECULATIVE-FICTION"
"359","SCIENCE-FICTION SPECULATIVE-FICTION"
"360","CHILDREN'S-LITERATURE FANTASY FICTION SPECULATIVE-FICTION"
"361","CHILDREN'S-LITERATURE FICTION"
"362","CRIME-FICTION FICTION MYSTERY SUSPENSE"
"363","SCIENCE-FICTION SPECULATIVE-FICTION"
"364","CHILDREN'S-LITERATURE FANTASY FICTION SPECULATIVE-FICTION"
"365","SCIENCE-FICTION SPECULATIVE-FICTION"
"366","NOVEL"
"367","CHILDREN'S-LITERATURE DETECTIVE-FICTION FICTION MYSTERY"
"368","SCIENCE-FICTION SPECULATIVE-FICTION"
"369","ADVENTURE-NOVEL FANTASY SPECULATIVE-FICTION"
"370","FICTION NOVEL SATIRE"
"371","FICTION NOVEL"
"372","FICTION NOVEL THRILLER"
"373","FICTION SCIENCE-FICTION SPECULATIVE-FICTION"
"374","SCIENCE-FICTION SPECULATIVE-FICTION"
"375","CHILDREN'S-LITERATURE FANTASY SPECULATIVE-FICTION"
"376","CHILDREN'S-LITERATURE FICTION MYSTERY"
"377","FICTION HISTORICAL-FICTION HISTORICAL-NOVEL"
"378","SCIENCE-FICTION SPECULATIVE-FICTION"
"379","SCIENCE-FICTION SPECULATIVE-FICTION"
"380","CHILDREN'S-LITERATURE FANTASY SPECULATIVE-FICTION"
"381","FICTION SCIENCE-FICTION SPECULATIVE-FICTION"
"382","FANTASY FICTION SCIENCE-FICTION SPECULATIVE-FICTION"
"383","FICTION HORROR SCIENCE-FICTION SPECULATIVE-FICTION"
"384","FICTION NOVEL"
"385","SCIENCE-FICTION SPECULATIVE-FICTION"
"386","FICTION SCIENCE-FICTION SPECULATIVE-FICTION"
"387","CRIME-FICTION FICTION MYSTERY SUSPENSE"
"388","FICTION NOVEL"
"389","FICTION NOVEL"
"390","FICTION MYSTERY"
"391","FICTION HISTORICAL-NOVEL"
"392","CHILDREN'S-LITERATURE FICTION"
"393","FICTION HISTORICAL-FICTION HISTORICAL-NOVEL"
"394","CHILDREN'S-LITERATURE FANTASY SPECULATIVE-FICTION"
"395","CHILDREN'S-LITERATURE FANTASY SPECULATIVE-FICTION"
"396","SCIENCE-FICTION SPECULATIVE-FICTION"
"397","FICTION THRILLER"
"398","SPY-FICTION THRILLER"
"399","NON-FICTION"
"400","CHILDREN'S-LITERATURE FICTION"
"401","FICTION NOVEL"
"402","FICTION HISTORICAL-FICTION NOVEL"
"403","FICTION HISTORICAL-FICTION HISTORICAL-NOVEL"
"404","FICTION HISTORICAL-FICTION HISTORICAL-NOVEL"
"405","CHILDREN'S-LITERATURE FICTION NOVEL"
"406","CHILDREN'S-LITERATURE FICTION YOUNG-ADULT-LITERATURE"
"407","CHILDREN'S-LITERATURE FANTASY SPECULATIVE-FICTION"
"408","CRIME-FICTION FICTION MYSTERY NOVEL SUSPENSE"
"409","CHILDREN'S-LITERATURE FICTION NOVEL"
"410","FICTION NOVEL"
"411","CRIME-FICTION FICTION MYSTERY SPECULATIVE-FICTION SUSPENSE"
"412","DETECTIVE-FICTION FICTION MYSTERY SUSPENSE"
"413","FICTION SCIENCE-FICTION SPECULATIVE-FICTION"
"414","FANTASY FICTION SPECULATIVE-FICTION"
"415","FICTION SCIENCE-FICTION SPECULATIVE-FICTION"
"416","FANTASY FICTION SPECULATIVE-FICTION"
"417","FICTION NOVEL"
"418","FICTION MYSTERY"
"419","SCIENCE-FICTION SPECULATIVE-FICTION"
"420","FICTION HORROR SCIENCE-FICTION SPECULATIVE-FICTION"
"421","FICTION NOVEL"
"422","FICTION NOVEL SPECULATIVE-FICTION"
"423","FANTASY FICTION SPECULATIVE-FICTION"
"424","CRIME-FICTION FICTION MYSTERY SUSPENSE"
"425","CHILDREN'S-LITERATURE CRIME-FICTION DETECTIVE-FICTION FICTION MYSTERY ROMANCE-NOVEL SUSPENSE"
"426","SPECULATIVE-FICTION"
"427","FANTASY FICTION SCIENCE-FICTION SPECULATIVE-FICTION"
"428","CRIME-FICTION FICTION MYSTERY NOVEL SUSPENSE"
"429","CRIME-FICTION FICTION MYSTERY SUSPENSE"
"430","CRIME-FICTION DETECTIVE-FICTION FICTION MYSTERY SUSPENSE"
"431","CRIME-FICTION FICTION NOVEL SPECULATIVE-FICTION"
"432","FICTION NOVEL THRILLER"
"433","FICTION NOVEL"
"434","SCIENCE-FICTION SPECULATIVE-FICTION"
"435","SCIENCE-FICTION SPECULATIVE-FICTION"
"436","CHILDREN'S-LITERATURE FICTION"
"437","CHILDREN'S-LITERATURE FICTION YOUNG-ADULT-LITERATURE"
"438","SCIENCE-FICTION SPECULATIVE-FICTION"
"439","CRIME-FICTION DETECTIVE-FICTION FICTION MYSTERY NOVEL SUSPENSE"
"440","CRIME-FICTION DETECTIVE-FICTION FICTION MYSTERY SUSPENSE"
"441","CRIME-FICTION DETECTIVE-FICTION FICTION MYSTERY SUSPENSE"
"442","CRIME-FICTION FICTION MYSTERY NOVEL SUSPENSE THRILLER"
"443","SCIENCE-FICTION SPECULATIVE-FICTION"
"444","FICTION NOVEL"
"445","FANTASY FICTION SCIENCE-FICTION SPECULATIVE-FICTION"
"446","SCIENCE-FICTION SPECULATIVE-FICTION"
"447","SCIENCE-FICTION SPECULATIVE-FICTION"
"448","FICTION NOVEL"
"449","CHILDREN'S-LITERATURE FICTION SPECULATIVE-FICTION"
"450","SCIENCE-FICTION SPECULATIVE-FICTION"
"451","FANTASY SCIENCE-FICTION SPECULATIVE-FICTION"
"452","CHILDREN'S-LITERATURE FANTASY FICTION SPECULATIVE-FICTION"
"453","CHILDREN'S-LITERATURE FICTION SPECULATIVE-FICTION YOUNG-ADULT-LITERATURE"
"454","FICTION NOVEL"
"455","NOVEL"
"456","FICTION MYSTERY SPY-FICTION SUSPENSE"
"457","FICTION SPY-FICTION"
"458","FICTION SCIENCE-FICTION SPECULATIVE-FICTION"
"459","CHILDREN'S-LITERATURE FANTASY FICTION SPECULATIVE-FICTION"
"460","FICTION SCIENCE-FICTION SPECULATIVE-FICTION"
"461","DETECTIVE-FICTION FICTION HISTORICAL-NOVEL MYSTERY SUSPENSE"
"462","SCIENCE-FICTION SPECULATIVE-FICTION"
"463","FICTION HISTORICAL-NOVEL NOVEL SPECULATIVE-FICTION"
"464","CHILDREN'S-LITERATURE FANTASY FICTION SPECULATIVE-FICTION"
"465","FICTION NOVEL"
"466","FANTASY FICTION SCIENCE-FICTION SPECULATIVE-FICTION"
"467","CHILDREN'S-LITERATURE FANTASY FICTION SPECULATIVE-FICTION"
"468","ALTERNATE-HISTORY SPECULATIVE-FICTION"
"469","CHILDREN'S-LITERATURE FICTION YOUNG-ADULT-LITERATURE"
"470","FICTION HORROR SCIENCE-FICTION SPECULATIVE-FICTION"
"471","FICTION SCIENCE-FICTION SPECULATIVE-FICTION"
"472","FICTION SPY-FICTION THRILLER"
"473","FICTION NOVEL"
"474","CRIME-FICTION DETECTIVE-FICTION FICTION MYSTERY SUSPENSE"
"475","CHILDREN'S-LITERATURE FICTION"
"476","FICTION NOVEL"
"477","SCIENCE-FICTION SPECULATIVE-FICTION"
"478","NOVEL"
"479","FANTASY SPECULATIVE-FICTION"
"480","FICTION NOVEL SPECULATIVE-FICTION"
"481","CHILDREN'S-LITERATURE FICTION SPECULATIVE-FICTION"
"482","CRIME-FICTION FICTION MYSTERY SUSPENSE"
"483","SPECULATIVE-FICTION"
"484","SCIENCE-FICTION SPECULATIVE-FICTION"
"485","SCIENCE-FICTION SPECULATIVE-FICTION"
"486","CHILDREN'S-LITERATURE FICTION"
"487","FICTION SCIENCE-FICTION SPECULATIVE-FICTION"
"488","CHILDREN'S-LITERATURE FICTION NOVEL YOUNG-ADULT-LITERATURE"
"489","ADVENTURE-NOVEL SPECULATIVE-FICTION"
"490","CHILDREN'S-LITERATURE FICTION HORROR SPECULATIVE-FICTION YOUNG-ADULT-LITERATURE"
"491","FICTION NOVEL"
"492","SPECULATIVE-FICTION"
"493","FICTION NOVEL"
"494","FANTASY FICTION SPECULATIVE-FICTION"
"495","FICTION SPY-FICTION SUSPENSE THRILLER"
"496","FICTION"
"497","FICTION NOVEL"
"498","AUTOBIOGRAPHICAL-NOVEL NON-FICTION NOVEL"
"499","HISTORICAL-NOVEL SPECULATIVE-FICTION"
"500","FANTASY SPECULATIVE-FICTION"
"501","FICTION MYSTERY"
"502","SCIENCE-FICTION SPECULATIVE-FICTION"
"503","DETECTIVE-FICTION FICTION MYSTERY"
"504","FICTION MYSTERY SPECULATIVE-FICTION"
"505","FICTION SPY-FICTION THRILLER"
"506","FICTION SPY-FICTION"
"507","FANTASY FICTION NOVEL SPECULATIVE-FICTION"
"508","FICTION MYSTERY NOVEL SUSPENSE"
"509","FICTION NOVEL"
"510","CHILDREN'S-LITERATURE DETECTIVE-FICTION FICTION MYSTERY"
"511","FANTASY FICTION NOVEL SPECULATIVE-FICTION"
"512","CHILDREN'S-LITERATURE FICTION"
"513","CHILDREN'S-LITERATURE DETECTIVE-FICTION FICTION MYSTERY"
"514","FICTION NOVEL"
"515","FICTION"
"516","FICTION NOVEL"
"517","CHILDREN'S-LITERATURE FANTASY FICTION NOVEL SPECULATIVE-FICTION"
"518","FANTASY SPECULATIVE-FICTION"
"519","CHILDREN'S-LITERATURE FANTASY FICTION SPECULATIVE-FICTION"
"520","CRIME-FICTION FICTION MYSTERY SUSPENSE"
"521","FICTION NOVEL"
"522","SCIENCE-FICTION SPECULATIVE-FICTION"
"523","FICTION NOVEL SPECULATIVE-FICTION"
"524","FANTASY SPECULATIVE-FICTION"
"525","FICTION"
"526","FANTASY SPECULATIVE-FICTION"
"527","FICTION NOVEL THRILLER"
"528","FICTION"
"529","FICTION NOVEL SPECULATIVE-FICTION"
"530","FICTION HISTORY MYSTERY SPECULATIVE-FICTION"
"531","DETECTIVE-FICTION FICTION MYSTERY"
"532","CHILDREN'S-LITERATURE DETECTIVE-FICTION FICTION MYSTERY"
"533","CHILDREN'S-LITERATURE DETECTIVE-FICTION FICTION MYSTERY"
"534","CHILDREN'S-LITERATURE FICTION"
"535","FANTASY SPECULATIVE-FICTION"
"536","FANTASY SPECULATIVE-FICTION"
"537","CHILDREN'S-LITERATURE FICTION NOVEL SPECULATIVE-FICTION"
"538","FICTION NOVEL"
"539","FANTASY FICTION HISTORICAL-FICTION HISTORICAL-NOVEL ROMANCE-NOVEL SCIENCE-FICTION SPECULATIVE-FICTION SUSPENSE"
"540","FANTASY SPECULATIVE-FICTION"
"541","FICTION NOVEL"
"542","CHILDREN'S-LITERATURE YOUNG-ADULT-LITERATURE"
"543","ADVENTURE-NOVEL FANTASY SPECULATIVE-FICTION"
"544","CHILDREN'S-LITERATURE FANTASY FICTION SPECULATIVE-FICTION"
"545","FICTION HISTORICAL-NOVEL"
"546","SCIENCE-FICTION SPECULATIVE-FICTION"
"547","FICTION NOVEL"
"548","THRILLER"
"549","FICTION NOVEL"
"550","SCIENCE-FICTION SPECULATIVE-FICTION"
"551","CHILDREN'S-LITERATURE FICTION SPECULATIVE-FICTION"
"552","FICTION SCIENCE-FICTION SPECULATIVE-FICTION"
"553","SCIENCE-FICTION SPECULATIVE-FICTION"
"554","SCIENCE-FICTION SPECULATIVE-FICTION"
"555","FICTION NOVEL"
"556","CHILDREN'S-LITERATURE NOVEL"
"557","FICTION NOVEL"
"558","FICTION NOVEL"
"559","FICTION NOVEL SPECULATIVE-FICTION"
"560","SCIENCE-FICTION SPECULATIVE-FICTION"
"561","FICTION NOVEL"
"562","CRIME-FICTION FICTION MYSTERY SUSPENSE"
"563","CHILDREN'S-LITERATURE FANTASY FICTION HORROR NOVEL SCIENCE-FICTION SPECULATIVE-FICTION"
"564","CRIME-FICTION FICTION MYSTERY SUSPENSE"
"565","CRIME-FICTION FICTION MYSTERY SUSPENSE"
"566","FICTION HISTORICAL-FICTION HISTORICAL-NOVEL NOVEL"
"567","FICTION SCIENCE-FICTION"
"568","CHILDREN'S-LITERATURE FICTION SCIENCE-FICTION SPECULATIVE-FICTION"
"569","FICTION SCIENCE-FICTION SPECULATIVE-FICTION"
"570","FICTION NOVEL"
"571","CRIME-FICTION FICTION SCIENCE-FICTION SPECULATIVE-FICTION"
"572","CHILDREN'S-LITERATURE FANTASY FICTION SPECULATIVE-FICTION"
"573","CHILDREN'S-LITERATURE FICTION NOVEL YOUNG-ADULT-LITERATURE"
"574","NOVEL"
"575","CHILDREN'S-LITERATURE FICTION"
"576","CHILDREN'S-LITERATURE FICTION NOVEL"
"577","CHILDREN'S-LITERATURE FICTION NOVEL YOUNG-ADULT-LITERATURE"
"578","CHILDREN'S-LITERATURE FICTION NOVEL"
"579","CHILDREN'S-LITERATURE FICTION YOUNG-ADULT-LITERATURE"
"580","FICTION NOVEL SPECULATIVE-FICTION"
"581","FICTION NOVEL"
"582","NOVEL"
"583","FICTION MYSTERY NOVEL"
"584","FICTION NOVEL"
"585","CRIME-FICTION FICTION MYSTERY SUSPENSE THRILLER"
"586","CHILDREN'S-LITERATURE FANTASY FICTION SPECULATIVE-FICTION"
"587","CHILDREN'S-LITERATURE FICTION YOUNG-ADULT-LITERATURE"
"588","CRIME-FICTION FICTION MYSTERY SUSPENSE"
"589","AUTOBIOGRAPHICAL-NOVEL BIOGRAPHY FICTION NOVEL YOUNG-ADULT-LITERATURE"
"590","FICTION NOVEL"
"591","CHILDREN'S-LITERATURE FICTION"
"592","CRIME-FICTION FICTION MYSTERY NOVEL THRILLER"
"593","FANTASY SPECULATIVE-FICTION"
"594","FICTION NOVEL"
"595","CHILDREN'S-LITERATURE FANTASY FICTION SPECULATIVE-FICTION"
"596","SCIENCE-FICTION SPECULATIVE-FICTION"
"597","AUTOBIOGRAPHICAL-NOVEL NOVEL YOUNG-ADULT-LITERATURE"
"598","CHILDREN'S-LITERATURE FANTASY"
"599","FANTASY FICTION SPECULATIVE-FICTION"
"600","CHILDREN'S-LITERATURE FANTASY SPECULATIVE-FICTION"
"601","CHILDREN'S-LITERATURE FICTION"
"602","FANTASY SPECULATIVE-FICTION"
"603","FANTASY FICTION SCIENCE-FICTION SPECULATIVE-FICTION"
"604","FICTION SCIENCE-FICTION SPECULATIVE-FICTION"
"605","SCIENCE-FICTION SPECULATIVE-FICTION"
"606","DETECTIVE-FICTION FICTION MYSTERY"
"607","DETECTIVE-FICTION FICTION MYSTERY"
"608","SPECULATIVE-FICTION"
"609","FICTION NOVEL"
"610","FANTASY FICTION SPECULATIVE-FICTION"
"611","SCIENCE-FICTION SPECULATIVE-FICTION"
"612","SCIENCE-FICTION SPECULATIVE-FICTION"
"613","CHILDREN'S-LITERATURE FICTION MYSTERY SUSPENSE"
"614","FICTION THRILLER"
"615","CRIME-FICTION FICTION MYSTERY NOVEL"
"616","FANTASY SCIENCE-FICTION SPECULATIVE-FICTION"
"617","CHILDREN'S-LITERATURE FANTASY SPECULATIVE-FICTION"
"618","FANTASY SPECULATIVE-FICTION"
"619","FICTION NOVEL"
"620","HISTORICAL-FICTION HISTORICAL-NOVEL NON-FICTION WAR-NOVEL"
"621","SCIENCE-FICTION SPECULATIVE-FICTION"
"622","FICTION NOVEL"
"623","FICTION NOVEL"
"624","FICTION SCIENCE-FICTION SPECULATIVE-FICTION"
"625","FICTION SPECULATIVE-FICTION"
"626","CHILDREN'S-LITERATURE FICTION"
"627","NOVEL"
"628","CHILDREN'S-LITERATURE FANTASY FICTION SPECULATIVE-FICTION"
"629","FICTION HISTORICAL-NOVEL"
"630","ADVENTURE-NOVEL SPECULATIVE-FICTION"
"631","ADVENTURE-NOVEL FANTASY SPECULATIVE-FICTION"
"632","ADVENTURE-NOVEL SPECULATIVE-FICTION"
"633","FICTION NOVEL SPECULATIVE-FICTION"
"634","CHILDREN'S-LITERATURE FANTASY FICTION SPECULATIVE-FICTION"
"635","CRIME-FICTION FICTION MYSTERY NOVEL SUSPENSE"
"636","FANTASY FICTION SCIENCE-FICTION SPECULATIVE-FICTION"
"637","FICTION NOVEL"
"638","CRIME-FICTION FICTION MYSTERY SUSPENSE"
"639","CRIME-FICTION DETECTIVE-FICTION FICTION HORROR MYSTERY NOVEL SPECULATIVE-FICTION"
"640","FICTION NOVEL"
"641","CRIME-FICTION FICTION SPECULATIVE-FICTION"
"642","FICTION MYSTERY NOVEL"
"643","CHILDREN'S-LITERATURE FICTION"
"644","FICTION NOVEL"
"645","CHILDREN'S-LITERATURE FICTION YOUNG-ADULT-LITERATURE"
"646","CHILDREN'S-LITERATURE FICTION SCIENCE-FICTION SPECULATIVE-FICTION"
"647","FICTION NOVEL"
"648","FICTION NOVEL"
"649","FICTION HISTORICAL-FICTION HISTORICAL-NOVEL"
"650","FICTION NOVEL THRILLER"
"651","FICTION NOVEL"
"652","CRIME-FICTION FICTION MYSTERY SUSPENSE"
"653","FICTION NOVEL"
"654","CRIME-FICTION FICTION MYSTERY SUSPENSE"
"655","HISTORICAL-NOVEL"
"656","FANTASY SPECULATIVE-FICTION"
"657","CRIME-FICTION FICTION NOVEL"
"658","FICTION NOVEL"
"659","FICTION NOVEL"
"660","FICTION NOVEL"
"661","FICTION MYSTERY SUSPENSE"
"662","FICTION NOVEL"
"663","FICTION NOVEL SPECULATIVE-FICTION"
"664","NON-FICTION NOVEL"
"665","FICTION NOVEL"
"666","FICTION NOVEL"
"667","CHILDREN'S-LITERATURE FICTION SCIENCE-FICTION SPECULATIVE-FICTION"
"668","ADVENTURE-NOVEL CHILDREN'S-LITERATURE FANTASY SPECULATIVE-FICTION"
"669","FICTION NOVEL"
"670","NOVEL"
"671","CHILDREN'S-LITERATURE FICTION"
"672","SCIENCE-FICTION SPECULATIVE-FICTION"
"673","CHILDREN'S-LITERATURE FICTION NOVEL"
"674","FANTASY SPECULATIVE-FICTION"
"675","CHILDREN'S-LITERATURE FICTION YOUNG-ADULT-LITERATURE"
"676","FICTION THRILLER"
"677","SPY-FICTION"
"678","FANTASY FICTION SPECULATIVE-FICTION"
"679","SCIENCE-FICTION SPECULATIVE-FICTION"
"680","CHILDREN'S-LITERATURE FICTION MYSTERY YOUNG-ADULT-LITERATURE"
"681","FICTION HISTORICAL-FICTION HISTORICAL-NOVEL"
"682","CRIME-FICTION FICTION MYSTERY SUSPENSE"
"683","CHILDREN'S-LITERATURE FICTION MYSTERY"
"684","FICTION NOVEL"
"685","FANTASY SPECULATIVE-FICTION"
"686","FICTION NOVEL"
"687","FICTION NOVEL"
"688","CHILDREN'S-LITERATURE FANTASY SPECULATIVE-FICTION YOUNG-ADULT-LITERATURE"
"689","FICTION SCIENCE-FICTION SPECULATIVE-FICTION"
"690","ADVENTURE-NOVEL CHILDREN'S-LITERATURE FANTASY SPECULATIVE-FICTION"
"691","CHILDREN'S-LITERATURE FICTION"
"692","CHILDREN'S-LITERATURE FICTION NOVEL"
"693","FANTASY SPECULATIVE-FICTION"
"694","FICTION SPECULATIVE-FICTION"
"695","FICTION NOVEL"
"696","FANTASY FICTION SPECULATIVE-FICTION"
"697","FICTION NOVEL"
"698","FANTASY FICTION HORROR NOVEL ROMANCE-NOVEL SPECULATIVE-FICTION"
"699","SCIENCE-FICTION SPECULATIVE-FICTION"
"700","AUTOBIOGRAPHY"
"701","FICTION SCIENCE-FICTION SPECULATIVE-FICTION"
"702","FANTASY SPECULATIVE-FICTION"
"703","FICTION NOVEL"
"704","FANTASY FICTION SPECULATIVE-FICTION"
"705","CHILDREN'S-LITERATURE FANTASY SPECULATIVE-FICTION"
"706","CHILDREN'S-LITERATURE FICTION YOUNG-ADULT-LITERATURE"
"707","CHILDREN'S-LITERATURE FICTION SCIENCE-FICTION SPECULATIVE-FICTION"
"708","CHILDREN'S-LITERATURE FICTION"
"709","FICTION NOVEL"
"710","FICTION NOVEL"
"711","FANTASY FICTION SPECULATIVE-FICTION"
"712","CHILDREN'S-LITERATURE FICTION MYSTERY"
"713","FICTION SPECULATIVE-FICTION"
"714","CHILDREN'S-LITERATURE FICTION SPECULATIVE-FICTION"
"715","ADVENTURE-NOVEL CHILDREN'S-LITERATURE"
"716","ADVENTURE-NOVEL SPECULATIVE-FICTION"
"717","FICTION NOVEL SCIENCE-FICTION SPECULATIVE-FICTION"
"718","FICTION NOVEL"
"719","FICTION SCIENCE-FICTION SPECULATIVE-FICTION"
"720","FANTASY FICTION SPECULATIVE-FICTION"
"721","FICTION NOVEL SCIENCE-FICTION SPECULATIVE-FICTION"
"722","FICTION NOVEL"
"723","CRIME-FICTION FICTION MYSTERY NOVEL SUSPENSE"
"724","SCIENCE-FICTION SPECULATIVE-FICTION"
"725","NOVEL SCIENCE-FICTION SPECULATIVE-FICTION"
"726","SCIENCE-FICTION SPECULATIVE-FICTION"
"727","CHILDREN'S-LITERATURE FICTION SPECULATIVE-FICTION"
"728","FICTION NOVEL"
"729","NOVEL SCIENCE-FICTION SPECULATIVE-FICTION"
"730","SCIENCE-FICTION SPECULATIVE-FICTION"
"731","CRIME-FICTION FICTION MYSTERY SUSPENSE"
"732","SCIENCE-FICTION SPECULATIVE-FICTION"
"733","CRIME-FICTION DETECTIVE-FICTION FICTION MYSTERY SUSPENSE"
"734","FANTASY FICTION SCIENCE-FICTION SPECULATIVE-FICTION"
"735","CRIME-FICTION DETECTIVE-FICTION FICTION MYSTERY SUSPENSE"
"736","FICTION"
"737","CRIME-FICTION FICTION MYSTERY NOVEL"
"738","FANTASY SPECULATIVE-FICTION"
"739","CRIME-FICTION FICTION MYSTERY SUSPENSE"
"740","CRIME-FICTION FICTION MYSTERY SUSPENSE"
"741","FICTION HISTORICAL-FICTION HISTORICAL-NOVEL"
"742","CRIME-FICTION FICTION MYSTERY SUSPENSE"
"743","FICTION NOVEL"
"744","FICTION NOVEL"
"745","CHILDREN'S-LITERATURE FICTION"
"746","FICTION NOVEL SCIENCE-FICTION SPECULATIVE-FICTION"
"747","CRIME-FICTION FICTION MYSTERY NOVEL SPECULATIVE-FICTION SUSPENSE THRILLER"
"748","CHILDREN'S-LITERATURE FICTION YOUNG-ADULT-LITERATURE"
"749","SCIENCE-FICTION SPECULATIVE-FICTION"
"750","CRIME-FICTION FICTION MYSTERY SUSPENSE"
"751","CRIME-FICTION DETECTIVE-FICTION FICTION MYSTERY SUSPENSE"
"752","FICTION NOVEL"
"753","NOVEL"
"754","FICTION NOVEL SPECULATIVE-FICTION"
"755","CRIME-FICTION FICTION MYSTERY SUSPENSE"
"756","CHILDREN'S-LITERATURE FICTION MYSTERY"
"757","SCIENCE-FICTION SPECULATIVE-FICTION"
"758","CRIME-FICTION FICTION MYSTERY NOVEL SUSPENSE"
"759","FANTASY FICTION SPECULATIVE-FICTION"
"760","FICTION NOVEL"
"761","FICTION NOVEL SPECULATIVE-FICTION"
"762","FICTION NOVEL"
"763","FICTION SPECULATIVE-FICTION"
"764","SCIENCE-FICTION SPECULATIVE-FICTION"
"765","FICTION"
"766","FICTION NOVEL"
"767","FICTION NOVEL"
"768","FICTION NOVEL"
"769","FANTASY SPECULATIVE-FICTION"
"770","FICTION NOVEL"
"771","CHILDREN'S-LITERATURE FICTION NOVEL"
"772","CHILDREN'S-LITERATURE FICTION SPECULATIVE-FICTION"
"773","FANTASY FICTION SCIENCE-FICTION SPECULATIVE-FICTION"
"774","FANTASY FICTION SPECULATIVE-FICTION"
"775","CRIME-FICTION FICTION MYSTERY SUSPENSE"
"776","SCIENCE-FICTION SPECULATIVE-FICTION"
"777","CHILDREN'S-LITERATURE FANTASY FICTION SPECULATIVE-FICTION"
"778","CRIME-FICTION FICTION MYSTERY SCIENCE-FICTION SPECULATIVE-FICTION"
"779","FICTION SCIENCE-FICTION SPECULATIVE-FICTION"
"780","FICTION SCIENCE-FICTION SPECULATIVE-FICTION"
"781","CHILDREN'S-LITERATURE FICTION YOUNG-ADULT-LITERATURE"
"782","FICTION NOVEL"
"783","FICTION NOVEL SCIENCE-FICTION SPECULATIVE-FICTION"
"784","FICTION NOVEL"
"785","CRIME-FICTION FICTION MYSTERY SUSPENSE"
"786","CHILDREN'S-LITERATURE FICTION YOUNG-ADULT-LITERATURE"
"787","CHILDREN'S-LITERATURE FICTION"
"788","CRIME-FICTION FICTION MYSTERY SUSPENSE"
"789","NOVEL SPY-FICTION THRILLER"
"790","FANTASY FICTION SCIENCE-FICTION SPECULATIVE-FICTION"
"791","FANTASY FICTION SCIENCE-FICTION SPECULATIVE-FICTION"
"792","FICTION NOVEL SPECULATIVE-FICTION"
"793","FICTION NOVEL"
"794","FICTION NOVEL"
"795","CRIME-FICTION FICTION MYSTERY SUSPENSE"
"796","CRIME-FICTION FICTION MYSTERY SUSPENSE"
"797","CHILDREN'S-LITERATURE FANTASY SPECULATIVE-FICTION"
"798","SCIENCE-FICTION SPECULATIVE-FICTION"
"799","FICTION THRILLER"
"800","FICTION NOVEL SPECULATIVE-FICTION"
"801","CRIME-FICTION DETECTIVE-FICTION FICTION MYSTERY SUSPENSE"
"802","CHILDREN'S-LITERATURE FICTION"
"803","DETECTIVE-FICTION FICTION MYSTERY NOVEL SUSPENSE"
"804","DETECTIVE-FICTION FICTION MYSTERY NOVEL"
"805","DETECTIVE-FICTION FICTION MYSTERY"
"806","DETECTIVE-FICTION FICTION MYSTERY"
"807","CRIME-FICTION FICTION MYSTERY NOVEL"
"808","CRIME-FICTION FICTION MYSTERY SUSPENSE"
"809","CRIME-FICTION FICTION MYSTERY NOVEL SUSPENSE"
"810","CRIME-FICTION FICTION MYSTERY SUSPENSE"
"811","FICTION NOVEL"
"812","CRIME-FICTION FICTION NOVEL SCIENCE-FICTION SPECULATIVE-FICTION"
"813","CRIME-FICTION DETECTIVE-FICTION FICTION MYSTERY NOVEL SUSPENSE"
"814","CHILDREN'S-LITERATURE"
"815","FICTION MYSTERY SPECULATIVE-FICTION"
"816","CHILDREN'S-LITERATURE FANTASY FICTION SPECULATIVE-FICTION"
"817","CRIME-FICTION DETECTIVE-FICTION FICTION MYSTERY SUSPENSE"
"818","SCIENCE-FICTION SPECULATIVE-FICTION"
"819","FICTION MYSTERY SUSPENSE"
"820","FICTION NOVEL SCIENCE-FICTION SPECULATIVE-FICTION"
"821","FICTION HISTORICAL-FICTION HISTORICAL-NOVEL HISTORY"
"822","FICTION SPECULATIVE-FICTION"
"823","FICTION MYSTERY"
"824","FICTION HISTORICAL-NOVEL SPECULATIVE-FICTION"
"825","CHILDREN'S-LITERATURE FICTION YOUNG-ADULT-LITERATURE"
"826","SCIENCE-FICTION SPECULATIVE-FICTION"
"827","FICTION SCIENCE-FICTION SPECULATIVE-FICTION"
"828","SCIENCE-FICTION SPECULATIVE-FICTION"
"829","FICTION NOVEL"
"830","FANTASY SPECULATIVE-FICTION"
"831","FANTASY SPECULATIVE-FICTION"
"832","CHILDREN'S-LITERATURE FICTION SCIENCE-FICTION SPECULATIVE-FICTION"
"833","CHILDREN'S-LITERATURE FICTION SCIENCE-FICTION SPECULATIVE-FICTION"
"834","FICTION SCIENCE-FICTION SPECULATIVE-FICTION"
"835","CHILDREN'S-LITERATURE FICTION MYSTERY"
"836","CRIME-FICTION DETECTIVE-FICTION FICTION MYSTERY NOVEL SUSPENSE"
"837","FANTASY FICTION NOVEL SPECULATIVE-FICTION"
"838","CHILDREN'S-LITERATURE DETECTIVE-FICTION FANTASY FICTION HORROR MYSTERY NOVEL SPECULATIVE-FICTION"
"839","SCIENCE-FICTION SPECULATIVE-FICTION"
"840","FICTION NOVEL"
"841","CRIME-FICTION DETECTIVE-FICTION FICTION MYSTERY NOVEL SUSPENSE"
"842","FICTION NOVEL"
"843","CRIME-FICTION FICTION MYSTERY SUSPENSE"
"844","CRIME-FICTION FICTION SCIENCE-FICTION SPECULATIVE-FICTION"
"845","FICTION NOVEL"
"846","FANTASY FICTION SPECULATIVE-FICTION"
"847","CHILDREN'S-LITERATURE FICTION"
"848","CHILDREN'S-LITERATURE FICTION HISTORICAL-NOVEL SPECULATIVE-FICTION"
"849","CHILDREN'S-LITERATURE FICTION"
"850","CRIME-FICTION FICTION MYSTERY SCIENCE-FICTION SPECULATIVE-FICTION SUSPENSE"
"851","FICTION NOVEL SPECULATIVE-FICTION"
"852","FICTION HISTORICAL-NOVEL"
"853","FICTION NOVEL THRILLER"
"854","FICTION NOVEL"
"855","SCIENCE-FICTION SPECULATIVE-FICTION"
"856","FICTION NOVEL"
"857","NOVEL SCIENCE-FICTION SPECULATIVE-FICTION"
"858","CHILDREN'S-LITERATURE FANTASY FICTION SPECULATIVE-FICTION"
"859","FICTION HISTORICAL-NOVEL NOVEL"
"860","FANTASY SCIENCE-FICTION SPECULATIVE-FICTION"
"861","CRIME-FICTION DETECTIVE-FICTION FICTION MYSTERY SUSPENSE"
"862","CRIME-FICTION FICTION MYSTERY SUSPENSE THRILLER"
"863","CHILDREN'S-LITERATURE FICTION"
"864","SPECULATIVE-FICTION"
"865","CRIME-FICTION DETECTIVE-FICTION FICTION MYSTERY SUSPENSE"
"866","FICTION NOVEL SCIENCE-FICTION SPECULATIVE-FICTION THRILLER"
"867","CHILDREN'S-LITERATURE FICTION NOVEL"
"868","CRIME-FICTION DETECTIVE-FICTION FICTION MYSTERY SUSPENSE"
"869","DETECTIVE-FICTION FICTION MYSTERY"
"870","CRIME-FICTION DETECTIVE-FICTION FICTION MYSTERY SUSPENSE"
"871","FICTION HISTORICAL-FICTION HISTORICAL-NOVEL"
"872","DETECTIVE-FICTION FICTION MYSTERY SUSPENSE"
"873","SCIENCE-FICTION SPECULATIVE-FICTION"
"874","CHILDREN'S-LITERATURE FANTASY FICTION SPECULATIVE-FICTION"
"875","FICTION"
"876","FANTASY FICTION HISTORICAL-NOVEL SPECULATIVE-FICTION"
"877","CHILDREN'S-LITERATURE FANTASY SPECULATIVE-FICTION"
"878","SCIENCE-FICTION SPECULATIVE-FICTION"
"879","SCIENCE-FICTION SPECULATIVE-FICTION"
"880","CRIME-FICTION FICTION MYSTERY NOVEL SUSPENSE THRILLER"
"881","FICTION NOVEL"
"882","FANTASY SCIENCE-FICTION SPECULATIVE-FICTION"
"883","FICTION"
"884","FICTION MYSTERY SUSPENSE"
"885","FICTION NOVEL"
"886","NOVEL"
"887","CHILDREN'S-LITERATURE FICTION THRILLER YOUNG-ADULT-LITERATURE"
"888","NOVEL SCIENCE-FICTION SPECULATIVE-FICTION"
"889","FICTION NOVEL"
"890","FICTION MYSTERY NOVEL"
"891","CRIME-FICTION FICTION MYSTERY NOVEL SUSPENSE"
"892","CHILDREN'S-LITERATURE FICTION YOUNG-ADULT-LITERATURE"
"893","FICTION MYSTERY NOVEL"
"894","CRIME-FICTION FICTION MYSTERY SUSPENSE"
"895","FICTION MYSTERY"
"896","ALTERNATE-HISTORY SCIENCE-FICTION SPECULATIVE-FICTION"
"897","CHILDREN'S-LITERATURE FICTION"
"898","NON-FICTION"
"899","HISTORICAL-FICTION NON-FICTION NOVEL"
"900","CHILDREN'S-LITERATURE FANTASY SPECULATIVE-FICTION"
"901","NOVEL"
"902","FICTION SCIENCE-FICTION SPECULATIVE-FICTION"
"903","FICTION NOVEL THRILLER"
"904","SCIENCE-FICTION SPECULATIVE-FICTION"
"905","SCIENCE-FICTION SPECULATIVE-FICTION"
"906","FICTION SCIENCE-FICTION SPECULATIVE-FICTION"
"907","FICTION HISTORICAL-FICTION SPECULATIVE-FICTION"
"908","FICTION NOVEL SCIENCE-FICTION SPECULATIVE-FICTION"
"909","FANTASY FICTION HISTORICAL-FICTION HISTORICAL-NOVEL SPECULATIVE-FICTION"
"910","FANTASY FICTION SPECULATIVE-FICTION"
"911","CHILDREN'S-LITERATURE FICTION YOUNG-ADULT-LITERATURE"
"912","CHILDREN'S-LITERATURE FICTION SPECULATIVE-FICTION"
"913","FICTION NOVEL SCIENCE-FICTION SPECULATIVE-FICTION"
"914","CHILDREN'S-LITERATURE FANTASY FICTION SPECULATIVE-FICTION"
"915","FICTION NOVEL"
"916","ADVENTURE-NOVEL YOUNG-ADULT-LITERATURE"
"917","FICTION NOVEL ROMANCE-NOVEL"
"918","FICTION NOVEL"
"919","CRIME-FICTION FICTION MYSTERY NOVEL"
"920","ADVENTURE-NOVEL YOUNG-ADULT-LITERATURE"
"921","CRIME-FICTION FICTION MYSTERY NOVEL"
"922","CRIME-FICTION DETECTIVE-FICTION FICTION MYSTERY NOVEL SPECULATIVE-FICTION SUSPENSE THRILLER"
"923","FICTION NOVEL SCIENCE-FICTION SPECULATIVE-FICTION"
"924","CRIME-FICTION FICTION MYSTERY SUSPENSE"
"925","FICTION NOVEL"
"926","FANTASY SCIENCE-FICTION SPECULATIVE-FICTION"
"927","FICTION NOVEL SPECULATIVE-FICTION"
"928","CRIME-FICTION FICTION MYSTERY"
"929","CRIME-FICTION DETECTIVE-FICTION FICTION HORROR MYSTERY SUSPENSE"
"930","FANTASY FICTION SCIENCE-FICTION SPECULATIVE-FICTION"
"931","CRIME-FICTION FICTION MYSTERY SCIENCE-FICTION SPECULATIVE-FICTION"
"932","FICTION NOVEL SCIENCE-FICTION SPECULATIVE-FICTION THRILLER"
"933","CRIME-FICTION FICTION MYSTERY SUSPENSE"
"934","FANTASY FICTION SPECULATIVE-FICTION"
"935","CHILDREN'S-LITERATURE FANTASY SPECULATIVE-FICTION"
"936","FANTASY FICTION NOVEL SPECULATIVE-FICTION"
"937","FICTION NOVEL"
"938","CHILDREN'S-LITERATURE FANTASY FICTION SPECULATIVE-FICTION"
"939","FICTION NOVEL"
"940","CHILDREN'S-LITERATURE FANTASY SPECULATIVE-FICTION"
"941","CHILDREN'S-LITERATURE FICTION NOVEL"
"942","FICTION HORROR SPECULATIVE-FICTION"
"943","CHILDREN'S-LITERATURE FICTION YOUNG-ADULT-LITERATURE"
"944","FICTION NOVEL"
"945","FICTION HISTORICAL-FICTION NOVEL ROMANCE-NOVEL"
"946","FICTION SCIENCE-FICTION SPECULATIVE-FICTION"
"947","NOVEL"
"948","FANTASY SPECULATIVE-FICTION"
"949","FANTASY FICTION SCIENCE-FICTION SPECULATIVE-FICTION"
"950","FANTASY FICTION NOVEL SCIENCE-FICTION SPECULATIVE-FICTION THRILLER"
"951","FICTION NOVEL"
"952","CHILDREN'S-LITERATURE FANTASY FICTION NOVEL SPECULATIVE-FICTION"
"953","ADVENTURE-NOVEL"
"954","CRIME-FICTION FICTION MYSTERY NOVEL SUSPENSE"
"955","FANTASY FICTION SPECULATIVE-FICTION"
"956","FICTION SPECULATIVE-FICTION"
"957","DETECTIVE-FICTION FICTION MYSTERY SUSPENSE"
"958","FICTION NOVEL THRILLER"
"959","SCIENCE-FICTION SPECULATIVE-FICTION"
"960","FANTASY FICTION HIGH-FANTASY HORROR NOVEL SCIENCE-FICTION SPECULATIVE-FICTION"
"961","FICTION MYSTERY"
"962","CHILDREN'S-LITERATURE FICTION MYSTERY"
"963","FANTASY SPECULATIVE-FICTION"
"964","CHILDREN'S-LITERATURE FICTION YOUNG-ADULT-LITERATURE"
"965","ADVENTURE-NOVEL FICTION SCIENCE-FICTION SPECULATIVE-FICTION"
"966","FICTION NOVEL SCIENCE-FICTION SPECULATIVE-FICTION"
"967","NOVEL SCIENCE-FICTION SPECULATIVE-FICTION"
"968","FICTION"
"969","SCIENCE-FICTION SPECULATIVE-FICTION"
"970","FICTION"
"971","FANTASY SPECULATIVE-FICTION"
"972","SCIENCE-FICTION SPECULATIVE-FICTION"
"973","SCIENCE-FICTION SPECULATIVE-FICTION"
"974","FICTION SCIENCE-FICTION SPECULATIVE-FICTION"
"975","SCIENCE-FICTION SPECULATIVE-FICTION"
"976","FICTION SCIENCE-FICTION SPECULATIVE-FICTION"
"977","SCIENCE-FICTION SPECULATIVE-FICTION"
"978","SCIENCE-FICTION SPECULATIVE-FICTION"
"979","FICTION SCIENCE-FICTION SPECULATIVE-FICTION"
"980","SCIENCE-FICTION SPECULATIVE-FICTION"
"981","SPECULATIVE-FICTION"
"982","FICTION HISTORICAL-NOVEL"
"983","SCIENCE-FICTION SPECULATIVE-FICTION"
"984","CRIME-FICTION DETECTIVE-FICTION FICTION MYSTERY SUSPENSE THRILLER"
"985","SCIENCE-FICTION SPECULATIVE-FICTION"
"986","CRIME-FICTION FICTION MYSTERY SPECULATIVE-FICTION"
"987","CRIME-FICTION DETECTIVE-FICTION FICTION MYSTERY NOVEL SUSPENSE"
"988","CHILDREN'S-LITERATURE FICTION"
"989","FICTION NOVEL SPECULATIVE-FICTION THRILLER"
"990","FICTION MYSTERY NOVEL"
"991","CHILDREN'S-LITERATURE FICTION NOVEL"
"992","SCIENCE-FICTION SPECULATIVE-FICTION"
"993","NOVEL"
"994","CRIME-FICTION FICTION MYSTERY NOVEL SUSPENSE THRILLER"
"995","CRIME-FICTION FICTION MYSTERY THRILLER"
"996","CHILDREN'S-LITERATURE FICTION HORROR SPECULATIVE-FICTION"
"997","CHILDREN'S-LITERATURE FICTION MYSTERY SUSPENSE"
"998","CHILDREN'S-LITERATURE FICTION YOUNG-ADULT-LITERATURE"
"999","CHILDREN'S-LITERATURE FANTASY FICTION HISTORY SPECULATIVE-FICTION SUSPENSE"
"1000","FICTION MYSTERY SPY-FICTION SUSPENSE THRILLER"
"1001","FICTION NOVEL"
"1002","CHILDREN'S-LITERATURE FICTION HISTORICAL-NOVEL"
"1003","FICTION NOVEL SPECULATIVE-FICTION"
"1004","AUTOBIOGRAPHY FICTION"
"1005","SCIENCE-FICTION SPECULATIVE-FICTION"
"1006","CHILDREN'S-LITERATURE FICTION"
"1007","CHILDREN'S-LITERATURE FICTION"
"1008","CHILDREN'S-LITERATURE FICTION YOUNG-ADULT-LITERATURE"
"1009","FICTION NON-FICTION"
"1010","FICTION NOVEL"
"1011","NOVEL"
"1012","CHILDREN'S-LITERATURE FICTION"
"1013","FICTION NOVEL SPECULATIVE-FICTION THRILLER"
"1014","CHILDREN'S-LITERATURE FICTION HORROR SPECULATIVE-FICTION"
"1015","CRIME-FICTION FICTION MYSTERY NOVEL SUSPENSE THRILLER"
"1016","FICTION HORROR MYSTERY SPECULATIVE-FICTION"
"1017","NOVEL SPECULATIVE-FICTION"
"1018","CHILDREN'S-LITERATURE FICTION HORROR SPECULATIVE-FICTION"
"1019","FICTION HORROR SCIENCE-FICTION SPECULATIVE-FICTION YOUNG-ADULT-LITERATURE"
"1020","CHILDREN'S-LITERATURE FICTION"
"1021","CHILDREN'S-LITERATURE FICTION"
"1022","CHILDREN'S-LITERATURE FICTION NOVEL"
"1023","FICTION SPECULATIVE-FICTION"
"1024","SCIENCE-FICTION SPECULATIVE-FICTION"
"1025","FICTION HISTORICAL-FICTION HISTORICAL-NOVEL"
"1026","CRIME-FICTION FICTION MYSTERY SUSPENSE"
"1027","CHILDREN'S-LITERATURE FANTASY SPECULATIVE-FICTION"
"1028","FICTION HISTORICAL-FICTION HISTORICAL-NOVEL WAR-NOVEL"
"1029","CHILDREN'S-LITERATURE FANTASY SPECULATIVE-FICTION"
"1030","CHILDREN'S-LITERATURE FICTION"
"1031","CRIME-FICTION FICTION MYSTERY SUSPENSE"
"1032","FICTION MYSTERY YOUNG-ADULT-LITERATURE"
"1033","NOVEL SCIENCE-FICTION SPECULATIVE-FICTION"
"1034","SCIENCE-FICTION SPECULATIVE-FICTION"
"1035","FICTION NOVEL SPECULATIVE-FICTION"
"1036","SCIENCE-FICTION SPECULATIVE-FICTION"
"1037","FICTION NOVEL"
"1038","SCIENCE-FICTION SPECULATIVE-FICTION"
"1039","FICTION MYSTERY NOVEL SUSPENSE"
"1040","FANTASY FICTION SCIENCE-FICTION SPECULATIVE-FICTION"
"1041","CHILDREN'S-LITERATURE FICTION"
"1042","CRIME-FICTION FICTION MYSTERY NOVEL SUSPENSE THRILLER"
"1043","FICTION SCIENCE-FICTION SPECULATIVE-FICTION"
"1044","FICTION HISTORICAL-NOVEL NOVEL"
"1045","CRIME-FICTION FICTION MYSTERY NOVEL SUSPENSE THRILLER"
"1046","CHILDREN'S-LITERATURE FANTASY FICTION"
"1047","FICTION NOVEL SCIENCE-FICTION SPECULATIVE-FICTION"
"1048","ALTERNATE-HISTORY SCIENCE-FICTION SPECULATIVE-FICTION"
"1049","FANTASY SCIENCE-FICTION SPECULATIVE-FICTION"
"1050","SCIENCE-FICTION SPECULATIVE-FICTION THRILLER"
"1051","FICTION"
"1052","FICTION NOVEL"
"1053","CHILDREN'S-LITERATURE FICTION MYSTERY"
"1054","CRIME-FICTION FICTION MYSTERY NOVEL SUSPENSE"
"1055","FICTION NOVEL"
"1056","FICTION NOVEL SCIENCE-FICTION SPECULATIVE-FICTION"
"1057","SCIENCE-FICTION SPECULATIVE-FICTION"
"1058","SPECULATIVE-FICTION"
"1059","FICTION NOVEL"
"1060","FICTION SPECULATIVE-FICTION"
"1061","CHILDREN'S-LITERATURE FICTION SCIENCE-FICTION"
"1062","CRIME-FICTION FICTION MYSTERY SUSPENSE THRILLER"
"1063","FICTION MYSTERY NOVEL"
"1064","FICTION NOVEL SCIENCE-FICTION SPECULATIVE-FICTION"
"1065","FICTION HISTORICAL-NOVEL NOVEL"
"1066","FANTASY SPECULATIVE-FICTION"
"1067","SCIENCE-FICTION SPECULATIVE-FICTION"
"1068","SCIENCE-FICTION SPECULATIVE-FICTION"
"1069","FANTASY FICTION SPECULATIVE-FICTION"
"1070","SCIENCE-FICTION SPECULATIVE-FICTION"
"1071","FICTION"
"1072","SCIENCE-FICTION SPECULATIVE-FICTION"
"1073","ALTERNATE-HISTORY HISTORICAL-FICTION HISTORICAL-NOVEL SCIENCE-FICTION SPECULATIVE-FICTION"
"1074","CHILDREN'S-LITERATURE FICTION YOUNG-ADULT-LITERATURE"
"1075","CHILDREN'S-LITERATURE FICTION"
"1076","FICTION NOVEL"
"1077","FICTION NOVEL ROMANCE-NOVEL"
"1078","CHILDREN'S-LITERATURE FICTION"
"1079","CHILDREN'S-LITERATURE"
"1080","DETECTIVE-FICTION FICTION MYSTERY SPECULATIVE-FICTION"
"1081","FICTION NOVEL"
"1082","FICTION NOVEL SCIENCE-FICTION SPECULATIVE-FICTION"
"1083","FICTION NOVEL"
"1084","FICTION SCIENCE-FICTION SPECULATIVE-FICTION"
"1085","CHILDREN'S-LITERATURE FICTION SPECULATIVE-FICTION"
"1086","FICTION NOVEL"
"1087","FANTASY FICTION SPECULATIVE-FICTION"
"1088","FICTION NOVEL"
"1089","FICTION NOVEL"
"1090","CRIME-FICTION FICTION MYSTERY SUSPENSE"
"1091","SCIENCE-FICTION SPECULATIVE-FICTION"
"1092","NOVEL"
"1093","FICTION NOVEL"
"1094","FICTION NOVEL"
"1095","FICTION NOVEL"
"1096","CHILDREN'S-LITERATURE FANTASY FICTION SPECULATIVE-FICTION"
"1097","FICTION SPECULATIVE-FICTION"
"1098","CRIME-FICTION FICTION MYSTERY SPECULATIVE-FICTION SUSPENSE"
"1099","CHILDREN'S-LITERATURE FANTASY FICTION SPECULATIVE-FICTION"
"1100","NOVEL"
"1101","SCIENCE-FICTION SPECULATIVE-FICTION"
"1102","FICTION HORROR NOVEL SCIENCE-FICTION SPECULATIVE-FICTION THRILLER"
"1103","CHILDREN'S-LITERATURE FICTION"
"1104","FICTION MYSTERY NOVEL SUSPENSE THRILLER"
"1105","CHILDREN'S-LITERATURE FICTION YOUNG-ADULT-LITERATURE"
"1106","CRIME-FICTION FICTION MYSTERY SUSPENSE"
"1107","FICTION SCIENCE-FICTION SPECULATIVE-FICTION"
"1108","FICTION NOVEL SCIENCE-FICTION SPECULATIVE-FICTION"
"1109","SPECULATIVE-FICTION"
"1110","FICTION HISTORICAL-FICTION"
"1111","CHILDREN'S-LITERATURE FICTION"
"1112","CHILDREN'S-LITERATURE YOUNG-ADULT-LITERATURE"
"1113","FANTASY FICTION SPECULATIVE-FICTION"
"1114","FICTION NOVEL SCIENCE-FICTION SPECULATIVE-FICTION"
"1115","FICTION NOVEL"
"1116","CHILDREN'S-LITERATURE FICTION"
"1117","CHILDREN'S-LITERATURE FICTION SPECULATIVE-FICTION"
"1118","CHILDREN'S-LITERATURE FICTION NOVEL YOUNG-ADULT-LITERATURE"
"1119","FICTION HISTORICAL-NOVEL NOVEL"
"1120","DETECTIVE-FICTION FICTION MYSTERY SUSPENSE"
"1121","FICTION NOVEL"
"1122","FICTION NOVEL"
"1123","SCIENCE-FICTION SPECULATIVE-FICTION"
"1124","FANTASY NOVEL SCIENCE-FICTION SPECULATIVE-FICTION"
"1125","FANTASY SPECULATIVE-FICTION"
"1126","CHILDREN'S-LITERATURE FANTASY FICTION SPECULATIVE-FICTION"
"1127","SCIENCE-FICTION SPECULATIVE-FICTION"
"1128","CHILDREN'S-LITERATURE FANTASY FICTION SPECULATIVE-FICTION"
"1129","DETECTIVE-FICTION FICTION MYSTERY"
"1130","CRIME-FICTION DETECTIVE-FICTION FICTION MYSTERY NOVEL SUSPENSE"
"1131","CRIME-FICTION FICTION HORROR MYSTERY SPECULATIVE-FICTION"
"1132","CHILDREN'S-LITERATURE FICTION SCIENCE-FICTION SPECULATIVE-FICTION"
"1133","FICTION SCIENCE-FICTION SPECULATIVE-FICTION"
"1134","FICTION"
"1135","NON-FICTION"
"1136","CRIME-FICTION FICTION MYSTERY SUSPENSE"
"1137","FICTION SCIENCE-FICTION SPECULATIVE-FICTION"
"1138","CHILDREN'S-LITERATURE FICTION YOUNG-ADULT-LITERATURE"
"1139","CHILDREN'S-LITERATURE FICTION SPECULATIVE-FICTION"
"1140","NOVEL"
"1141","SCIENCE-FICTION SPECULATIVE-FICTION"
"1142","FICTION MYSTERY SPECULATIVE-FICTION"
"1143","NON-FICTION"
"1144","CHILDREN'S-LITERATURE FANTASY FICTION SCIENCE-FICTION SPECULATIVE-FICTION"
"1145","FICTION NOVEL"
"1146","FICTION HISTORICAL-NOVEL"
"1147","CHILDREN'S-LITERATURE FICTION SPECULATIVE-FICTION"
"1148","FANTASY SPECULATIVE-FICTION"
"1149","FICTION NOVEL"
"1150","FANTASY SPECULATIVE-FICTION"
"1151","CHILDREN'S-LITERATURE"
"1152","FANTASY SPECULATIVE-FICTION"
"1153","FICTION NOVEL SPECULATIVE-FICTION"
"1154","FICTION NOVEL SPY-FICTION THRILLER"
"1155","FICTION NOVEL"
"1156","FICTION HISTORICAL-FICTION HISTORICAL-NOVEL SPECULATIVE-FICTION WAR-NOVEL"
"1157","FICTION NOVEL"
"1158","CHILDREN'S-LITERATURE FANTASY SPECULATIVE-FICTION"
"1159","FANTASY FICTION SPECULATIVE-FICTION"
"1160","CHILDREN'S-LITERATURE FICTION NOVEL SPECULATIVE-FICTION"
"1161","SCIENCE-FICTION SPECULATIVE-FICTION"
"1162","FICTION NOVEL"
"1163","CHILDREN'S-LITERATURE FICTION"
"1164","FICTION NOVEL"
"1165","FICTION SCIENCE-FICTION SPECULATIVE-FICTION"
"1166","CHILDREN'S-LITERATURE FICTION NOVEL"
"1167","FICTION SCIENCE-FICTION SPECULATIVE-FICTION"
"1168","NOVEL SPECULATIVE-FICTION"
"1169","FANTASY SPECULATIVE-FICTION"
"1170","CHILDREN'S-LITERATURE SPECULATIVE-FICTION"
"1171","FICTION NOVEL SCIENCE-FICTION SPECULATIVE-FICTION"
"1172","FICTION SCIENCE-FICTION SPECULATIVE-FICTION"
"1173","NON-FICTION"
"1174","CRIME-FICTION DETECTIVE-FICTION FICTION MYSTERY SUSPENSE"
"1175","SCIENCE-FICTION SPECULATIVE-FICTION"
"1176","FICTION NOVEL"
"1177","NOVEL SCIENCE-FICTION SPECULATIVE-FICTION"
"1178","FICTION NOVEL"
"1179","CRIME-FICTION FICTION MYSTERY SUSPENSE"
"1180","CRIME-FICTION FICTION MYSTERY SUSPENSE"
"1181","SCIENCE-FICTION SPECULATIVE-FICTION"
"1182","FICTION"
"1183","SCIENCE-FICTION SPECULATIVE-FICTION"
"1184","SCIENCE-FICTION SPECULATIVE-FICTION"
"1185","SCIENCE-FICTION SPECULATIVE-FICTION"
"1186","FICTION NOVEL"
"1187","FANTASY FICTION SCIENCE-FICTION SPECULATIVE-FICTION"
"1188","FICTION MYSTERY SUSPENSE"
"1189","FICTION NOVEL"
"1190","FICTION SCIENCE-FICTION SPECULATIVE-FICTION"
"1191","CRIME-FICTION FICTION MYSTERY NOVEL SUSPENSE"
"1192","CHILDREN'S-LITERATURE FANTASY FICTION SPECULATIVE-FICTION"
"1193","FICTION NOVEL"
"1194","NON-FICTION"
"1195","FICTION NOVEL"
"1196","FANTASY SPECULATIVE-FICTION"
"1197","SCIENCE-FICTION SPECULATIVE-FICTION"
"1198","CHILDREN'S-LITERATURE FICTION SPECULATIVE-FICTION"
"1199","FICTION NOVEL"
"1200","FANTASY SPECULATIVE-FICTION"
"1201","CHILDREN'S-LITERATURE FICTION NOVEL"
"1202","NON-FICTION NOVEL"
"1203","SPECULATIVE-FICTION"
"1204","CHILDREN'S-LITERATURE FICTION NOVEL ROMANCE-NOVEL"
"1205","HISTORICAL-FICTION WAR-NOVEL"
"1206","SCIENCE-FICTION SPECULATIVE-FICTION"
"1207","FICTION ROMANCE-NOVEL"
"1208","FICTION NOVEL"
"1209","FANTASY SPECULATIVE-FICTION"
"1210","FICTION NOVEL"
"1211","FICTION NOVEL SPECULATIVE-FICTION"
"1212","FICTION NOVEL"
"1213","FICTION NOVEL"
"1214","CHILDREN'S-LITERATURE FICTION YOUNG-ADULT-LITERATURE"
"1215","CHILDREN'S-LITERATURE FICTION SPECULATIVE-FICTION YOUNG-ADULT-LITERATURE"
"1216","FICTION NOVEL SPECULATIVE-FICTION"
"1217","NOVEL SPECULATIVE-FICTION"
"1218","NOVEL SCIENCE-FICTION SPECULATIVE-FICTION"
"1219","FICTION NOVEL"
"1220","FICTION NOVEL SCIENCE-FICTION SPECULATIVE-FICTION"
"1221","FANTASY SCIENCE-FICTION SPECULATIVE-FICTION"
"1222","FICTION HISTORICAL-FICTION HISTORICAL-NOVEL"
"1223","FICTION HISTORICAL-FICTION HISTORICAL-NOVEL"
"1224","FICTION SPECULATIVE-FICTION"
"1225","FICTION NOVEL THRILLER"
"1226","FICTION NOVEL SPECULATIVE-FICTION THRILLER"
"1227","FANTASY FICTION SPECULATIVE-FICTION"
"1228","CRIME-FICTION FICTION MYSTERY NOVEL SUSPENSE"
"1229","FICTION MYSTERY NOVEL"
"1230","AUTOBIOGRAPHY BIOGRAPHY"
"1231","CHILDREN'S-LITERATURE FICTION SPECULATIVE-FICTION YOUNG-ADULT-LITERATURE"
"1232","NOVEL SPECULATIVE-FICTION"
"1233","FICTION THRILLER"
